<?xml version="1.0" encoding="ISO-8859-1"?>
<pedido>
  <moduloRioserv>001</moduloRioserv>
  <funcion>7</funcion>
  <cuit>3051688824199</cuit>
  <marEmpresa>0</marEmpresa>
  <codproducto>001</codproducto>
  <instancia>03</instancia>
  <cod_canal>007</cod_canal>
  <nroEnvio>75691</nroEnvio>
  <ult_rendic>00000</ult_rendic>
  <importe_total>123414.00</importe_total>
  <cant_documentos>1</cant_documentos>
  <firmantes>
    <tpoDoc>N</tpoDoc>
    <nroDoc>17666078</nroDoc>
    <tpoDoc>N</tpoDoc>
    <nroDoc>13015828</nroDoc>
  </firmantes>
  <datos>
    <documento>
      <tpo_oper>A</tpo_oper>
      <nro_clte>0000000661</nro_clte>
      <tpo_cprb>OP</tpo_cprb>
      <nro_cprb>000000066103460</nro_cprb>
      <cod_mone>0</cod_mone>
      <nom_clte>I.M.C.A. Y PER. S.A.</nom_clte>
      <des_dire>AVDA. 1826 (EX GALLINO) YAVDA.</des_dire>
      <des_loc>XXXXX</des_loc>
      <nro_cpost>00000</nro_cpost>
      <fec_1er_vto>20191210</fec_1er_vto>
      <imp_1er_vto>123414.00</imp_1er_vto>
      <mar_excep_3ra>N</mar_excep_3ra>
      <cod_form_pago>0107119917</cod_form_pago>
      <cui_clte>30516888241</cui_clte>
      <ing_brutos>0</ing_brutos>
      <cod_cond_iva>0</cod_cond_iva>
      <obs_lib_1er>S000000661</obs_lib_1er>
    </documento>
  </datos>
</pedido>